{"cameraMode":{"drawMode":0,"name":"Shaded","section":"Shading Mode"},"sceneLighting":false,"audioPlay":false,"sceneViewState":{"m_AlwaysRefresh":false,"showFog":true,"showSkybox":false,"showFlares":true,"showImageEffects":true,"showParticleSystems":true,"showVisualEffectGraphs":true,"m_FxEnabled":true},"in2DMode":false,"pivot":{"x":-3.9099998474121095,"y":1.0999999046325684,"z":1.1100000143051148},"rotation":{"x":0.06350009888410568,"y":0.17128874361515046,"z":-0.011058304458856583,"w":0.9831163883209229},"size":1.1191513538360596,"orthographic":true}