{"cameraMode":{"drawMode":0,"name":"Shaded","section":"Shading Mode"},"sceneLighting":false,"audioPlay":false,"sceneViewState":{"m_AlwaysRefresh":false,"showFog":true,"showSkybox":false,"showFlares":true,"showImageEffects":true,"showParticleSystems":true,"showVisualEffectGraphs":true,"m_FxEnabled":true},"in2DMode":false,"pivot":{"x":0.02753913402557373,"y":1.4973938465118409,"z":0.00240933895111084},"rotation":{"x":0.4678911566734314,"y":8.107009534796816e-7,"z":0.0000013812959878123366,"w":0.8837910890579224},"size":1.6891239881515504,"orthographic":true}