{"cameraMode":{"drawMode":0,"name":"Shaded","section":"Shading Mode"},"sceneLighting":false,"audioPlay":false,"sceneViewState":{"m_AlwaysRefresh":false,"showFog":true,"showSkybox":false,"showFlares":true,"showImageEffects":true,"showParticleSystems":true,"showVisualEffectGraphs":true,"m_FxEnabled":true},"in2DMode":false,"pivot":{"x":-0.07502996921539307,"y":0.5178573131561279,"z":1.0977933406829835},"rotation":{"x":0.54343581199646,"y":-0.00503817992284894,"z":0.0032673890236765148,"w":0.8394873142242432},"size":3.0155138969421388,"orthographic":true}