{"cameraMode":{"drawMode":0,"name":"Shaded","section":"Shading Mode"},"sceneLighting":false,"audioPlay":false,"sceneViewState":{"m_AlwaysRefresh":false,"showFog":true,"showSkybox":false,"showFlares":true,"showImageEffects":true,"showParticleSystems":true,"showVisualEffectGraphs":true,"m_FxEnabled":true},"in2DMode":false,"pivot":{"x":0.06372982263565064,"y":0.3196180462837219,"z":-1.3014397621154786},"rotation":{"x":0.22765560448169709,"y":-0.6599379777908325,"z":0.22053344547748567,"w":0.6812562942504883},"size":2.6577723026275636,"orthographic":true}